# 33324	６０７／恋愛模様２	
* Nagata-kun	長田君２	Male
* Sushinu the Gandhi	スシヌ２	Female
* El Mofus	エール２	Player's choice
* Zance Leazas	ザンス２	Male
* Nagi su Ragarl	ナギ２	Female
* Parsley Rig Zeth	パセリ幽霊	Female
* Reset Kalar	リセット２	Female

226776	-		朝――	Morning――

226777	Nagata-kun	基本	「ふわぁ……」	「Fwaa......」

226778	-		キャンプ地近くの川。	A river near the camp.
226779	+		あなたは長田君と顔を洗っていた。	You were washing your face with Nagata-kun.

226780	Nagata-kun		「はあ、今日はセットが中々決まらなくてよー。	「Haa, my hair wouldn't set today.
226781	+		　見てよこれ、激ダサじゃね？」	　Look at this, it's super lame right?」

226782	Nagata-kun		「このへん湿気が強いんかなー。	「Maybe the humidity is strong around hereー.
226783	+		　って、あれは……」	　Wait, that's......」

226784	Nagata-kun		「おっすー、おはよう、スシヌ」	「Yoー, good morning, Sushinu.」

226785	Sushinu the Gandhi	外套杖なし／唖然	「ふぐっ！？」	「Fugu!?」

226786	-		今まで気づかなかったらしく、	Apparently she hadn't noticed until now,
226787	+		口の中に歯ブラシを突っ込んでいる	Sushinu had a toothbrush in her mouth
226788	+		スシヌがあなた達を見て硬直した。	and froze when she saw you.

226789	Nagata-kun	基本	「っと、悪い。	「Oops, sorry.
226790	+		　歯磨きしてる最中だったか」	　You were brushing your teeth.」

226791	Sushinu the Gandhi	外套杖なし	「むっ、ぐう……	「Mph, guu......
226792	+		　長田きゅ、＜エール＞ひゃ……はぶ……」	　Nagata-kyu, ＜エール＞-hya...... habu......」

226793	-		あなたと目の合ったスシヌが、	The moment her eyes met yours,
226794	+		カーッと顔を真っ赤にした。	Sushinu's face turned bright red.

226795	Sushinu the Gandhi~	外套杖なし／泣き	（うっ、うううう〜〜〜……）	（Uhh, uuuuu~~~......）

226796	Sushinu the Gandhi~		（は、歯磨きしてる最中だったのに……	（I was brushing my teeth......
226797	+		　か、格好悪いよぉ……）	　How uncool......）

226798	El Mofus	基本	「…………。」	「............」
226799	Sushinu the Gandhi	外套杖なし	「お、おひゃ、はむむ……」	「O, ohyu, hamumu......」

226800	Nagata-kun	基本	「ほれ、行こうぜ、＜エール＞」	「Come on, let's go, ＜エール＞.」

226801	Nagata-kun		「お前は気にしないかも知れねぇけどよ〜、	「You might not care, but
226802	+		　歯磨いているところ見られんの	　some girls hate being seen brushing their teeth,
226803	+		　嫌がる子もいるんだから気を遣ってやらんと」	　so be considerate.」

226804	-		あなたは朝から長田君に説教されてしまった。	You got lectured by Nagata-kun first thing in the morning.

226805	Sushinu the Gandhi	外套杖なし／パニック	「んぐぅっ！	「Nguu!」
226806	?		　んむむむむむむむむむむ！」	　Nmumumumumumumumumumu!」

226807	-		ブンブンブンブンと何度も首を横に振られた。	She shook her head vigorously many times.

226808	Nagata-kun	基本	「や、本当に邪魔して悪かったね……	「Yeah, sorry for interrupting......
226809	+		　さあ、行こうぜ、＜エール＞」	　Come on, let's go, ＜エール＞.」

226810	-		あなたは長田君に頷きを返してから、	You nodded to Nagata-kun and
226811	+		その場を離れた。	left the area.

226812	Nagata-kun		「それ今聞くこと！？」	「You ask that now!?」

226813	Sushinu the Gandhi	外套杖なし／泣き	「んぐぅっ！」	「Nguu!」

226814	Sushinu the Gandhi	外套杖なし	「…………い」	「............i」

226815	Sushinu the Gandhi		「いひご味……」	「Ihigo taste......」

226816	Nagata-kun	基本	「答えなくていいよ！？」	「You don't have to answer!?」

226817	Nagata-kun		「あーもう、迷惑になるから、	「Aah geez, it'll bother her,
226818	+		　ほら、とっとと行くぞ」	　come on, let's hurry.」

226819	Nagata-kun		「まったく、お前はデリカシーってものがだなぁ」	「Seriously, you have no delicacy.」

226820	-		あなたは朝から長田君に説教されてしまった。	You got lectured by Nagata-kun first thing in the morning.

226821	Sushinu the Gandhi	外套杖なし	「うう……」	「Uuu......」

226822	Sushinu the Gandhi		「…………はあ」	「............Haa.」

226823	Sushinu the Gandhi		「私、格好悪いなぁ」	「I'm so uncool.」

226824	-		どんよりと、スシヌの胸に黒いもやがかかる。	A dark cloud hung over Sushinu's heart.

226825	Sushinu the Gandhi		「でも……」	「But......」

226826	Sushinu the Gandhi		「なんでこんなに緊張するんだろう……」	「Why am I so nervous......」

226827	Sushinu the Gandhi		「…………」	「............」

226828	Sushinu the Gandhi		「そっか、まだあんまり親しくないからか！」	「Oh, it's because we're not that close yet!」

226829	Sushinu the Gandhi	外套杖なし／決意	「……うん、早く仲良く出来るように頑張ろう」	「......Yeah, I'll work hard to get closer quickly.」

226830	Zance Leazas	基本	「なに、朝から間抜けづらしてんだ。	「What are you making that dumb face for in the morning.
226831	+		　歯ァ磨くんだからそこどけよ」	　Move, I'm brushing my teeth.」

226832	Sushinu the Gandhi	外套杖なし	「あ、ザンスちゃん、おはよう」	「Ah, Zance-chan, good morning.」

226833	Zance Leazas	基本	「んー」	「Nnー.」

226834	-		口の中に歯ブラシを突っ込み、	With a toothbrush in his mouth,
226835	+		その性格同様、乱雑に歯を磨いていくザンス。	Zance brushed roughly, true to his personality.

226836	-		立ち上がるとスシヌとの身長差が	When he stood up, the height difference with Sushinu
226837	+		頭一つ分かそれ以上にあった。	was more than a full head.

226838	Sushinu the Gandhi	外套杖なし	「前は一緒くらいだったのに……	「You used to be about the same height as me......
226839	+		　ザンスちゃん、背ぇ伸びたねぇ……」	　Zance-chan, you've grown tall......」

226840	Zance Leazas	基本	「がはははははははは！	「Gahahahahahaha!
226841	+		　そうだろう、そうだろう！」	　Of course, of course!」

226842	Sushinu the Gandhi	外套杖なし	「…………」	「............」

226843	-		　	　
226844	+		　　＜ぴたっ＞	　　<Cling>

226845	-		スシヌがザンスの背中に抱きついた。	Sushinu hugged Zance from behind.

226846	Zance Leazas	基本	「……おい、何してんだ」	「......Hey, what are you doing.」

226847	Sushinu the Gandhi	外套杖なし	「はあ〜あ……	「Haa~a......
226848	+		　ザンスちゃんならこんなに近づいても	　With Zance-chan I can get this close
226849	+		　ちっとも緊張しないのになぁ」	　and not feel nervous at all.」

226850	Zance Leazas	基本	「アア〜？」	「Aah~?」

226851	Zance Leazas		「未来の旦那だぞ、	「I'm your future husband,
226852	+		　ちったぁ敬え、タコ助」	　show some respect, you octopus.」

226853	Sushinu the Gandhi	外套杖なし	「昔からずーっと言ってたけど、	「You've been saying that forever,
226854	+		　それ本気だったの……？」	　were you serious......?」

226855	Zance Leazas	笑い	「がははは、当然だろう！	「Gahahaha, of course!
226856	+		　ゼスを俺様のものにするんだからな！」	　I'm going to make Zeth mine!」

226857	Zance Leazas	微笑み	「だから、嫁に来ると言え」	「So say you'll marry me.」

226858	Sushinu the Gandhi	外套杖なし	「う〜〜〜……	「U~~~......
226859	+		　ママに聞いとく」	　I'll ask Mom.」

226860	Zance Leazas	不満	「お前が自分で決めるんだよ！」	「You decide for yourself!」

226861	Nagi su Ragarl	帽子なし／からかい	「ほっほーう……」	「Hoh hou......」

226862	Parsley Rig Zeth	基本	「あらまあ」	「Ara maa.」

226863	-		パセリとナギが一連の様子を遠くから眺めていた。	Parsley and Nagi were watching the whole thing from afar.

226864	Nagi su Ragarl	帽子なし／反省	「なーんか……」	「Somehow......」

226865	Nagi su Ragarl	帽子なし／からかい	「矢印が出たり消えたり引っ込んだり？	「Arrows appearing, disappearing, pulling back?
226866	+		　どうですかねー、どうなんですかねー」	　What do you think, what do you thinkー?」

226867	Parsley Rig Zeth	基本	「甘酸っぱーい」	「So bittersweetー.」

226868	Nagi su Ragarl	帽子なし	「その辺りどうですか、恋愛の師匠としては」	「What do you think as a romance master?」

226869	Parsley Rig Zeth	基本	「うーーーん……」	「Hmmm......」

226870	Parsley Rig Zeth		「まだみんな子供すぎ？」	「Are they all still too young?」

226871	Parsley Rig Zeth		「進展らしい進展はなさそう……	「Doesn't seem like much progress yet......
226872	?		　まあ、この冒険の間に何かあったら	　Well, something might happen during this adventure
226873	+		　分からないけど？」	　who knows?」

226874	Nagi su Ragarl	帽子なし／笑顔	「いやーーーーん♪　何かってなによーーー♪」	「Kyaaaaan♪ What do you mean by somethingー♪」

226875	Parsley Rig Zeth	基本	「何かは何かよーーー♪」	「Something is somethingー♪」

226876	Nagi su Ragarl	帽子なし／笑顔	「きゃーーーー♪」	「Kyaaaa♪」

226877	Parsley Rig Zeth	基本	「きゃあきゃあ♪」	「Kyaa kyaa♪」

226878	-		二人は足をパタパタさせて喜んでいた。	The two kicked their legs happily.

226879	Reset Kalar		「あら？　二人で仲良しさん？	「Ara? You two getting along?
226880	+		　なんの話してるの？」	　What are you talking about?」

226881	Nagi su Ragarl	帽子なし	「リセットには十年早い話」	「It's ten years too early for Reset.」

226882	Reset Kalar	驚き	「ええっ、ひどい！？」	「Ehh, that's mean!?」
